{
  "restaurantName": "Borcan Kebap",
  "heroTitle": "Lezzetin Adresi",
  "heroSubtitle": "Gelenekten Geleceğe, Hakiki Kebap Deneyimi",
  "aboutText": "Borcan Kebap, taze malzemeler ve ustalıkla hazırlanmış menüsüyle Adana kebabının gerçek lezzetini sunar.",
  "phone": "0545 509 3462",
  "address": "BORCAN KEBAP, Mustafa Kemal Paşa, Beyoğlu Cd. No:35, 34320 Avcılar/İstanbul",
  "socialMedia": {
    "facebook": "https://www.facebook.com/people/Borcan-Pide-Kebap/61579514506784/?locale=tr_TR",
    "instagram": "https://www.instagram.com/borcan_kebap_pide_lahmacun/?utm_source=qr&igsh=d2twdW0yZ2FqaGJl#"
  },
  "orderChannels": {
    "whatsapp": {
      "url": "https://wa.me/905455093462?text=Merhaba Borcankebap sitesinden arıyorum siparis vermek istiyorum."
    }
  }
}
